"","Management, Business, and Financial Occupations (11-13)","Computer, Engineering, and Science Occupations (15-19)","Education, Legal, Community Service, Arts, and Media Occupations (21-27)","Healthcare Practitioners and Technical Occupations (29)","Service Occupations (31-39)","Office and Administrative Support Occupations","Installation, Maintenance, and Repair Occupations","Production Occupations","Transportation and Material Moving Occupations","value"
"1",1,0,0,0,0,0,0,0,0,7
"2",1,0,0,0,0,0,0,0,0,7
"3",0,1,0,0,0,0,0,0,0,2
"4",0,1,0,0,0,0,0,0,0,2
"5",0,0,1,0,0,0,0,0,0,180
"6",0,0,1,0,0,0,0,0,0,180
"7",0,0,0,1,0,0,0,0,0,48
"8",0,0,0,1,0,0,0,0,0,48
"9",0,0,0,0,1,0,0,0,0,35
"10",0,0,0,0,1,0,0,0,0,37
"11",0,0,0,0,1,0,0,0,0,35
"12",0,0,0,0,1,0,0,0,0,37
"13",0,0,0,0,0,1,0,0,0,41
"14",0,0,0,0,0,1,0,0,0,3
"15",0,0,0,0,0,1,0,0,0,47
"16",0,0,0,0,0,1,0,0,0,3
"17",0,0,0,0,0,0,1,0,0,9
"18",0,0,0,0,0,0,1,0,0,18
"19",0,0,0,0,0,0,1,0,0,9
"20",0,0,0,0,0,0,1,0,0,18
"21",0,0,0,0,0,0,0,1,0,3
"22",0,0,0,0,0,0,0,1,0,3
"23",0,0,0,0,0,0,0,0,1,37
